Order ID,Order Date,CustomerName,State,City
B-26055,10-03-2018,Isla Johnson,Australian Capital Territory,Canberra
B-25993,03-02-2018,Mia Harris,Australian Capital Territory,Canberra
B-25973,24-01-2018,Grace Hall,Northern Territory,Alice Springs
B-25923,27-12-2018,Mia Harris,Victoria,Geelong
B-25757,21-08-2018,Charlotte Brown,Queensland,Brisbane
B-25967,21-01-2018,James Wright,South Australia,Adelaide
B-25955,16-01-2018,Noah Martin,South Australia,Whyalla
B-26093,27-03-2018,Noah Martin,Australian Capital Territory,Canberra
B-25798,01-10-2018,Isla Johnson,Queensland,Cairns
B-25602,01-04-2018,Noah Martin,Victoria,Geelong
B-25858,13-11-2018,Ella Scott,Victoria,Ballarat
B-25969,21-01-2018,Noah Martin,Northern Territory,Alice Springs
B-26099,30-03-2018,Jack Wilson,South Australia,Mount Gambier
B-25997,04-02-2018,Ella Scott,Western Australia,Fremantle
B-25881,25-11-2018,Ella Scott,Queensland,Brisbane
B-25761,25-08-2018,Lily King,Northern Territory,Alice Springs
B-25887,01-12-2018,Oliver Smith,Western Australia,Bunbury
B-25823,18-10-2018,James Wright,Northern Territory,Darwin
B-25853,08-11-2018,Grace Hall,Tasmania,Devonport
B-25862,15-11-2018,Lucas White,Western Australia,Bunbury
B-25830,26-10-2018,Noah Martin,New South Wales,Wollongong
B-25786,19-09-2018,William Jones,New South Wales,Sydney
B-25686,11-06-2018,James Wright,Tasmania,Devonport
B-26022,18-02-2018,Charlotte Brown,New South Wales,Sydney
B-26003,08-02-2018,Ella Scott,Victoria,Melbourne
B-25755,19-08-2018,Oliver Smith,Queensland,Gold Coast
B-25902,10-12-2018,Amelia Taylor,Queensland,Gold Coast
B-25935,04-01-2018,Henry Walker,Northern Territory,Katherine
B-25797,30-09-2018,Charlotte Brown,New South Wales,Newcastle
B-25639,27-04-2018,Noah Martin,Victoria,Ballarat
B-25681,04-06-2018,Isla Johnson,New South Wales,Sydney
B-25909,13-12-2018,Mia Harris,Queensland,Gold Coast
B-25910,14-12-2018,Isla Johnson,Northern Territory,Alice Springs
B-25950,13-01-2018,Charlotte Brown,Queensland,Brisbane
B-25613,12-04-2018,Noah Martin,Victoria,Melbourne
B-25919,23-12-2018,Lily King,Western Australia,Bunbury
B-25768,01-09-2018,Isla Johnson,New South Wales,Newcastle
B-25629,24-04-2018,Oliver Smith,South Australia,Whyalla
B-25729,22-07-2018,Grace Hall,Western Australia,Perth
B-25943,09-01-2018,Noah Martin,Northern Territory,Katherine
B-25842,02-11-2018,William Jones,South Australia,Adelaide
B-26073,21-03-2018,Lucas White,Victoria,Geelong
B-25778,11-09-2018,Sophia Lee,Australian Capital Territory,Canberra
B-25717,12-07-2018,Oliver Smith,Australian Capital Territory,Canberra
B-26085,26-03-2018,Lily King,Victoria,Ballarat
B-26048,04-03-2018,Charlotte Brown,Tasmania,Launceston
B-25793,24-09-2018,Noah Martin,Queensland,Cairns
B-25656,11-05-2018,Noah Martin,Victoria,Melbourne
B-25608,08-04-2018,Charlotte Brown,Northern Territory,Darwin
B-25752,14-08-2018,Grace Hall,New South Wales,Newcastle
B-25779,12-09-2018,James Wright,Australian Capital Territory,Canberra
B-25603,03-04-2018,Grace Hall,Tasmania,Hobart
B-26051,07-03-2018,Henry Walker,Australian Capital Territory,Canberra
B-25653,08-05-2018,Lucas White,New South Wales,Newcastle
B-25855,08-11-2018,Sophia Lee,Queensland,Cairns
B-25762,26-08-2018,James Wright,Australian Capital Territory,Canberra
B-25995,04-02-2018,Noah Martin,New South Wales,Newcastle
B-25929,02-01-2018,Lucas White,Tasmania,Hobart
B-26006,09-02-2018,Grace Hall,Queensland,Gold Coast
B-25697,22-06-2018,Grace Hall,New South Wales,Sydney
B-25836,29-10-2018,Lily King,New South Wales,Sydney
B-25601,01-04-2018,Isla Johnson,Northern Territory,Darwin
B-25873,23-11-2018,Oliver Smith,South Australia,Mount Gambier
B-26028,20-02-2018,Oliver Smith,South Australia,Whyalla
B-25964,20-01-2018,Ella Scott,New South Wales,Wollongong
B-25676,01-06-2018,Lucas White,Victoria,Ballarat
B-25839,30-10-2018,Charlotte Brown,Northern Territory,Alice Springs
B-25894,04-12-2018,Jack Wilson,Western Australia,Bunbury
B-25925,29-12-2018,Amelia Taylor,Tasmania,Devonport
B-25953,14-01-2018,Amelia Taylor,Queensland,Cairns
B-25772,02-09-2018,Noah Martin,Australian Capital Territory,Canberra
B-25957,18-01-2018,Lily King,Australian Capital Territory,Canberra
B-25730,22-07-2018,Ella Scott,New South Wales,Sydney
B-25877,24-11-2018,Isla Johnson,Queensland,Brisbane
B-26067,16-03-2018,Oliver Smith,South Australia,Whyalla
B-25810,10-10-2018,Henry Walker,Northern Territory,Alice Springs
B-25868,18-11-2018,Grace Hall,Northern Territory,Darwin
B-26023,19-02-2018,Noah Martin,Western Australia,Fremantle
B-25626,23-04-2018,Noah Martin,Queensland,Brisbane
B-25937,05-01-2018,Noah Martin,Victoria,Melbourne
B-25610,09-04-2018,Jack Wilson,Queensland,Gold Coast
B-25777,10-09-2018,Henry Walker,Victoria,Melbourne
B-25738,02-08-2018,Grace Hall,Western Australia,Perth
B-25978,27-01-2018,Lucas White,Western Australia,Fremantle
B-25643,29-04-2018,Charlotte Brown,New South Wales,Sydney
B-25728,22-07-2018,William Jones,Victoria,Ballarat
B-25749,13-08-2018,Lucas White,Victoria,Melbourne
B-25667,23-05-2018,William Jones,Tasmania,Devonport
B-25657,13-05-2018,Ella Scott,Queensland,Brisbane
B-25753,17-08-2018,Lily King,Tasmania,Devonport
B-26061,14-03-2018,Lucas White,Queensland,Gold Coast
B-25838,29-10-2018,William Jones,Western Australia,Perth
B-25702,27-06-2018,Ethan Allen,Victoria,Ballarat
B-25952,13-01-2018,Lucas White,Queensland,Cairns
B-25666,22-05-2018,Isla Johnson,Western Australia,Bunbury
B-25675,31-05-2018,Oliver Smith,Queensland,Cairns
B-25650,06-05-2018,Oliver Smith,Tasmania,Devonport
B-25986,31-01-2018,Henry Walker,New South Wales,Sydney
B-25850,05-11-2018,Lily King,Australian Capital Territory,Canberra
B-25898,07-12-2018,William Jones,Victoria,Geelong
B-25813,10-10-2018,Isla Johnson,South Australia,Whyalla
B-25825,21-10-2018,Ella Scott,South Australia,Whyalla
B-25954,14-01-2018,Grace Hall,Tasmania,Launceston
B-25696,21-06-2018,Sophia Lee,Victoria,Melbourne
B-25638,26-04-2018,William Jones,Australian Capital Territory,Canberra
B-25747,11-08-2018,Lucas White,Tasmania,Launceston
B-25904,10-12-2018,Grace Hall,South Australia,Adelaide
B-25852,07-11-2018,Oliver Smith,South Australia,Adelaide
B-25981,28-01-2018,Lucas White,Tasmania,Hobart
B-25899,08-12-2018,Lucas White,Victoria,Melbourne
B-25870,20-11-2018,Lucas White,Tasmania,Hobart
B-26040,26-02-2018,Lucas White,Australian Capital Territory,Canberra
B-25671,27-05-2018,Grace Hall,Victoria,Geelong
B-26100,31-03-2018,Lily King,Victoria,Ballarat
B-25651,07-05-2018,Mia Harris,Tasmania,Hobart
B-25968,21-01-2018,Ella Scott,Western Australia,Bunbury
B-26019,15-02-2018,Mia Harris,Queensland,Gold Coast
B-25664,20-05-2018,James Wright,Queensland,Brisbane
B-26033,22-02-2018,Lily King,Western Australia,Bunbury
B-26052,08-03-2018,Grace Hall,Queensland,Cairns
B-25999,05-02-2018,Noah Martin,Victoria,Ballarat
B-25781,14-09-2018,Henry Walker,South Australia,Mount Gambier
B-25764,28-08-2018,Lily King,Tasmania,Hobart
B-25803,05-10-2018,Oliver Smith,South Australia,Adelaide
B-25945,11-01-2018,Lucas White,Queensland,Gold Coast
B-26086,26-03-2018,Noah Martin,Queensland,Cairns
B-25845,03-11-2018,Sophia Lee,Queensland,Gold Coast
B-25817,13-10-2018,Lucas White,New South Wales,Newcastle
B-25951,13-01-2018,Lily King,Western Australia,Fremantle
B-25970,22-01-2018,Grace Hall,Western Australia,Perth
B-25878,24-11-2018,William Jones,Tasmania,Devonport
B-26057,10-03-2018,Isla Johnson,Queensland,Cairns
B-25885,28-11-2018,Oliver Smith,Australian Capital Territory,Canberra
B-25897,06-12-2018,Ethan Allen,Northern Territory,Darwin
B-25756,20-08-2018,Oliver Smith,Queensland,Gold Coast
B-25859,14-11-2018,Henry Walker,New South Wales,Wollongong
B-25691,16-06-2018,Henry Walker,South Australia,Whyalla
B-25633,26-04-2018,Lucas White,South Australia,Adelaide
B-25708,01-07-2018,Mia Harris,Tasmania,Devonport
B-25831,27-10-2018,Oliver Smith,Queensland,Gold Coast
B-25856,10-11-2018,Mia Harris,Victoria,Ballarat
B-25893,04-12-2018,Noah Martin,Tasmania,Hobart
B-25959,18-01-2018,James Wright,Northern Territory,Darwin
B-26000,06-02-2018,Oliver Smith,Western Australia,Bunbury
B-26097,28-03-2018,Lucas White,Tasmania,Devonport
B-25745,09-08-2018,Henry Walker,South Australia,Whyalla
B-25974,25-01-2018,Noah Martin,Victoria,Melbourne
B-25670,25-05-2018,Oliver Smith,South Australia,Whyalla
B-25848,03-11-2018,Isla Johnson,Northern Territory,Alice Springs
B-25888,02-12-2018,Lily King,Victoria,Geelong
B-25942,08-01-2018,William Jones,Australian Capital Territory,Canberra
B-25847,03-11-2018,Jack Wilson,New South Wales,Sydney
B-25636,26-04-2018,William Jones,Tasmania,Devonport
B-25826,22-10-2018,Noah Martin,New South Wales,Newcastle
B-26081,22-03-2018,Mia Harris,Victoria,Ballarat
B-25625,23-04-2018,Sophia Lee,Tasmania,Devonport
B-25802,05-10-2018,Sophia Lee,Western Australia,Perth
B-25693,18-06-2018,Jack Wilson,Tasmania,Launceston
B-25796,24-09-2018,Charlotte Brown,Tasmania,Hobart
B-25806,06-10-2018,William Jones,Queensland,Cairns
B-25710,05-07-2018,Charlotte Brown,Australian Capital Territory,Canberra
B-25669,25-05-2018,Oliver Smith,Western Australia,Perth
B-25857,10-11-2018,James Wright,South Australia,Mount Gambier
B-25785,15-09-2018,Jack Wilson,Australian Capital Territory,Canberra
B-25930,03-01-2018,Mia Harris,New South Wales,Wollongong
B-26053,09-03-2018,Noah Martin,Northern Territory,Katherine
B-26070,18-03-2018,Lily King,Victoria,Ballarat
B-25791,24-09-2018,James Wright,Queensland,Gold Coast
B-25983,30-01-2018,Charlotte Brown,Australian Capital Territory,Canberra
B-25979,27-01-2018,Henry Walker,South Australia,Mount Gambier
B-26054,10-03-2018,Ethan Allen,Tasmania,Launceston
B-26078,22-03-2018,Amelia Taylor,Northern Territory,Darwin
B-25787,20-09-2018,Lucas White,Northern Territory,Darwin
B-25682,07-06-2018,Lucas White,South Australia,Adelaide
B-25962,19-01-2018,Oliver Smith,Western Australia,Fremantle
B-25750,14-08-2018,Amelia Taylor,Northern Territory,Alice Springs
B-25828,24-10-2018,William Jones,Queensland,Cairns
B-25622,22-04-2018,Isla Johnson,South Australia,Whyalla
B-25751,14-08-2018,Ella Scott,Queensland,Cairns
B-25685,10-06-2018,Amelia Taylor,Northern Territory,Katherine
B-26010,11-02-2018,Ethan Allen,New South Wales,Wollongong
B-26035,23-02-2018,Ethan Allen,Northern Territory,Alice Springs
B-25698,23-06-2018,Isla Johnson,Queensland,Brisbane
B-25966,21-01-2018,Ella Scott,South Australia,Mount Gambier
B-25832,28-10-2018,Sophia Lee,Australian Capital Territory,Canberra
B-25743,07-08-2018,Lily King,New South Wales,Newcastle
B-25886,28-11-2018,William Jones,New South Wales,Wollongong
B-25975,25-01-2018,Mia Harris,Western Australia,Fremantle
B-26098,29-03-2018,Lucas White,New South Wales,Sydney
B-25614,13-04-2018,Ethan Allen,Tasmania,Hobart
B-25726,21-07-2018,Grace Hall,Western Australia,Perth
B-26050,06-03-2018,Sophia Lee,New South Wales,Wollongong
B-25609,09-04-2018,Isla Johnson,Tasmania,Launceston
B-25741,03-08-2018,Lily King,Northern Territory,Katherine
B-25956,17-01-2018,Amelia Taylor,Northern Territory,Katherine
B-25689,14-06-2018,Grace Hall,New South Wales,Sydney
B-25939,05-01-2018,Henry Walker,Australian Capital Territory,Canberra
B-25890,04-12-2018,Jack Wilson,Western Australia,Fremantle
B-25814,10-10-2018,Isla Johnson,South Australia,Whyalla
B-25718,12-07-2018,Mia Harris,Western Australia,Perth
B-25914,18-12-2018,Charlotte Brown,New South Wales,Wollongong
B-25903,10-12-2018,Grace Hall,Western Australia,Perth
B-26096,28-03-2018,Lucas White,Western Australia,Perth
B-25654,10-05-2018,Amelia Taylor,New South Wales,Newcastle
B-26076,21-03-2018,Isla Johnson,South Australia,Whyalla
B-25961,18-01-2018,Lucas White,New South Wales,Sydney
B-25854,08-11-2018,Sophia Lee,Northern Territory,Katherine
B-25642,28-04-2018,Charlotte Brown,New South Wales,Newcastle
B-25683,08-06-2018,Mia Harris,Northern Territory,Alice Springs
B-26016,14-02-2018,Amelia Taylor,Western Australia,Bunbury
B-26034,23-02-2018,Ella Scott,New South Wales,Sydney
B-26056,10-03-2018,Charlotte Brown,Northern Territory,Darwin
B-25819,15-10-2018,Charlotte Brown,Tasmania,Launceston
B-25715,10-07-2018,Lucas White,Tasmania,Devonport
B-25933,04-01-2018,Ella Scott,Tasmania,Launceston
B-26014,13-02-2018,Sophia Lee,New South Wales,Wollongong
B-25655,11-05-2018,Lucas White,Queensland,Cairns
B-25816,12-10-2018,Noah Martin,Queensland,Cairns
B-25634,26-04-2018,Oliver Smith,New South Wales,Wollongong
B-25895,04-12-2018,Lily King,Queensland,Brisbane
B-25687,11-06-2018,Grace Hall,Victoria,Geelong
B-25662,17-05-2018,Isla Johnson,Victoria,Ballarat
B-25635,26-04-2018,Lucas White,Tasmania,Devonport
B-26060,13-03-2018,Lucas White,Victoria,Ballarat
B-26045,03-03-2018,Lucas White,South Australia,Mount Gambier
B-25770,02-09-2018,Charlotte Brown,Victoria,Ballarat
B-25744,08-08-2018,Henry Walker,Victoria,Ballarat
B-25618,18-04-2018,James Wright,Western Australia,Bunbury
B-25958,18-01-2018,Lucas White,Australian Capital Territory,Canberra
B-25769,02-09-2018,Mia Harris,Western Australia,Fremantle
B-25619,18-04-2018,Noah Martin,South Australia,Mount Gambier
B-25688,11-06-2018,Grace Hall,South Australia,Adelaide
B-25829,25-10-2018,Grace Hall,Australian Capital Territory,Canberra
B-26036,23-02-2018,Amelia Taylor,South Australia,Adelaide
B-25714,09-07-2018,Lily King,Tasmania,Hobart
B-25989,01-02-2018,Mia Harris,New South Wales,Wollongong
B-25849,04-11-2018,James Wright,Tasmania,Hobart
B-25851,06-11-2018,William Jones,New South Wales,Newcastle
B-25782,15-09-2018,Amelia Taylor,Tasmania,Devonport
B-25621,20-04-2018,Ella Scott,Australian Capital Territory,Canberra
B-25996,04-02-2018,Ethan Allen,Tasmania,Launceston
B-25678,03-06-2018,Lily King,Northern Territory,Alice Springs
B-25727,22-07-2018,Ethan Allen,Western Australia,Fremantle
B-26018,14-02-2018,James Wright,Western Australia,Perth
B-25760,24-08-2018,Mia Harris,Queensland,Gold Coast
B-25804,05-10-2018,Amelia Taylor,Victoria,Melbourne
B-25754,18-08-2018,Noah Martin,Queensland,Cairns
B-26020,16-02-2018,Grace Hall,Victoria,Ballarat
B-25640,27-04-2018,Amelia Taylor,Western Australia,Perth
B-25789,22-09-2018,Oliver Smith,Western Australia,Fremantle
B-26072,20-03-2018,William Jones,Northern Territory,Alice Springs
B-26007,09-02-2018,William Jones,New South Wales,Newcastle
B-26087,26-03-2018,James Wright,Victoria,Melbourne
B-25617,17-04-2018,Sophia Lee,New South Wales,Newcastle
B-25984,30-01-2018,Charlotte Brown,Queensland,Gold Coast
B-25767,31-08-2018,Noah Martin,South Australia,Mount Gambier
B-25987,31-01-2018,Sophia Lee,Tasmania,Hobart
B-25840,31-10-2018,William Jones,Western Australia,Perth
B-25663,19-05-2018,James Wright,Queensland,Gold Coast
B-26030,21-02-2018,Sophia Lee,Queensland,Gold Coast
B-25947,13-01-2018,Sophia Lee,Northern Territory,Darwin
B-25896,05-12-2018,Oliver Smith,South Australia,Whyalla
B-26009,10-02-2018,William Jones,Queensland,Cairns
B-25876,24-11-2018,Grace Hall,Australian Capital Territory,Canberra
B-25915,19-12-2018,Ethan Allen,Victoria,Geelong
B-25795,24-09-2018,Lucas White,Queensland,Gold Coast
B-26002,08-02-2018,James Wright,New South Wales,Sydney
B-25645,01-05-2018,Amelia Taylor,Queensland,Gold Coast
B-25837,29-10-2018,Charlotte Brown,New South Wales,Wollongong
B-25612,12-04-2018,Jack Wilson,Queensland,Brisbane
B-25812,10-10-2018,Isla Johnson,South Australia,Adelaide
B-25843,03-11-2018,Henry Walker,Western Australia,Fremantle
B-26026,19-02-2018,William Jones,Victoria,Ballarat
B-25773,06-09-2018,Lucas White,Western Australia,Perth
B-25875,24-11-2018,Lucas White,Western Australia,Bunbury
B-25660,16-05-2018,James Wright,South Australia,Whyalla
B-25918,22-12-2018,Isla Johnson,Queensland,Gold Coast
B-25971,22-01-2018,Mia Harris,New South Wales,Wollongong
B-26063,15-03-2018,Jack Wilson,South Australia,Whyalla
B-25867,17-11-2018,Oliver Smith,Tasmania,Devonport
B-25703,28-06-2018,James Wright,Queensland,Brisbane
B-25661,17-05-2018,Amelia Taylor,Northern Territory,Darwin
B-25748,12-08-2018,Oliver Smith,Northern Territory,Alice Springs
B-25766,30-08-2018,Lucas White,New South Wales,Sydney
B-25861,15-11-2018,Oliver Smith,Northern Territory,Katherine
B-26058,11-03-2018,Isla Johnson,Victoria,Melbourne
B-25808,08-10-2018,Charlotte Brown,Australian Capital Territory,Canberra
B-25900,09-12-2018,Henry Walker,Victoria,Melbourne
B-26084,25-03-2018,Grace Hall,Western Australia,Bunbury
B-25652,08-05-2018,Lily King,Northern Territory,Darwin
B-26008,09-02-2018,Ethan Allen,Australian Capital Territory,Canberra
B-25799,01-10-2018,Ella Scott,Queensland,Brisbane
B-25927,31-12-2018,Amelia Taylor,Northern Territory,Darwin
B-25985,31-01-2018,Grace Hall,Victoria,Melbourne
B-25994,03-02-2018,Charlotte Brown,Victoria,Geelong
B-25620,20-04-2018,Henry Walker,New South Wales,Sydney
B-25712,07-07-2018,Mia Harris,Australian Capital Territory,Canberra
B-25976,25-01-2018,Noah Martin,Victoria,Melbourne
B-26068,16-03-2018,Ethan Allen,Australian Capital Territory,Canberra
B-25721,16-07-2018,James Wright,Australian Capital Territory,Canberra
B-25863,15-11-2018,Charlotte Brown,Australian Capital Territory,Canberra
B-25991,03-02-2018,Charlotte Brown,Queensland,Brisbane
B-25737,01-08-2018,Ethan Allen,Western Australia,Fremantle
B-26043,01-03-2018,Jack Wilson,Australian Capital Territory,Canberra
B-25977,27-01-2018,Ethan Allen,Western Australia,Bunbury
B-25908,12-12-2018,Amelia Taylor,South Australia,Whyalla
B-25941,07-01-2018,Ella Scott,Tasmania,Devonport
B-25794,24-09-2018,James Wright,Northern Territory,Darwin
B-26041,27-02-2018,Jack Wilson,Northern Territory,Darwin
B-25695,18-06-2018,James Wright,Victoria,Melbourne
B-25960,18-01-2018,Oliver Smith,Queensland,Brisbane
B-26037,23-02-2018,Noah Martin,South Australia,Whyalla
B-25921,25-12-2018,Oliver Smith,New South Wales,Sydney
B-25944,10-01-2018,Ethan Allen,South Australia,Mount Gambier
B-25724,19-07-2018,Sophia Lee,Queensland,Gold Coast
B-26024,19-02-2018,William Jones,Victoria,Melbourne
B-25694,18-06-2018,Ethan Allen,Australian Capital Territory,Canberra
B-25665,21-05-2018,William Jones,South Australia,Adelaide
B-26004,08-02-2018,Charlotte Brown,Northern Territory,Darwin
B-25611,11-04-2018,James Wright,Western Australia,Perth
B-25901,10-12-2018,Mia Harris,Australian Capital Territory,Canberra
B-25623,22-04-2018,Henry Walker,Victoria,Melbourne
B-25713,08-07-2018,Charlotte Brown,Australian Capital Territory,Canberra
B-26091,27-03-2018,Sophia Lee,Tasmania,Devonport
B-25604,03-04-2018,Jack Wilson,South Australia,Adelaide
B-25827,23-10-2018,Grace Hall,Northern Territory,Darwin
B-25835,29-10-2018,Charlotte Brown,Queensland,Cairns
B-26025,19-02-2018,Noah Martin,Northern Territory,Katherine
B-25809,09-10-2018,Mia Harris,South Australia,Whyalla
B-25905,11-12-2018,Sophia Lee,Tasmania,Hobart
B-25948,13-01-2018,Charlotte Brown,Northern Territory,Katherine
B-26094,27-03-2018,Grace Hall,Western Australia,Bunbury
B-25949,13-01-2018,Grace Hall,Northern Territory,Darwin
B-26001,07-02-2018,Lily King,New South Wales,Newcastle
B-25771,02-09-2018,Sophia Lee,Australian Capital Territory,Canberra
B-25659,15-05-2018,Amelia Taylor,Northern Territory,Alice Springs
B-25924,28-12-2018,Isla Johnson,Northern Territory,Darwin
B-25883,27-11-2018,Lily King,Victoria,Ballarat
B-25946,12-01-2018,Sophia Lee,Queensland,Cairns
B-26065,16-03-2018,Grace Hall,New South Wales,Newcastle
B-26083,24-03-2018,Ethan Allen,South Australia,Whyalla
B-25725,20-07-2018,William Jones,Victoria,Melbourne
B-25630,24-04-2018,James Wright,New South Wales,Newcastle
B-25673,28-05-2018,Isla Johnson,South Australia,Whyalla
B-25692,17-06-2018,Jack Wilson,Queensland,Gold Coast
B-25992,03-02-2018,Henry Walker,Queensland,Gold Coast
B-25765,29-08-2018,William Jones,Australian Capital Territory,Canberra
B-25892,04-12-2018,Ethan Allen,Tasmania,Launceston
B-26089,26-03-2018,Mia Harris,Australian Capital Territory,Canberra
B-25780,13-09-2018,Sophia Lee,Northern Territory,Darwin
B-25684,09-06-2018,Lucas White,Victoria,Geelong
B-25739,03-08-2018,Henry Walker,Australian Capital Territory,Canberra
B-25731,26-07-2018,James Wright,Victoria,Melbourne
B-25648,04-05-2018,Henry Walker,Tasmania,Hobart
B-26038,24-02-2018,Noah Martin,South Australia,Adelaide
B-25700,25-06-2018,Ethan Allen,Tasmania,Hobart
B-26015,14-02-2018,Noah Martin,Western Australia,Fremantle
B-25704,29-06-2018,James Wright,Western Australia,Bunbury
B-25811,10-10-2018,Amelia Taylor,Tasmania,Launceston
B-25821,16-10-2018,Lucas White,Tasmania,Hobart
B-25874,24-11-2018,Lucas White,Victoria,Ballarat
B-25668,24-05-2018,Lucas White,Australian Capital Territory,Canberra
B-25800,01-10-2018,Grace Hall,South Australia,Mount Gambier
B-25928,01-01-2018,Grace Hall,Queensland,Brisbane
B-26021,17-02-2018,Isla Johnson,New South Wales,Sydney
B-26064,16-03-2018,Noah Martin,Victoria,Geelong
B-25882,26-11-2018,Oliver Smith,South Australia,Adelaide
B-25891,04-12-2018,Amelia Taylor,New South Wales,Newcastle
B-25820,16-10-2018,Ella Scott,Northern Territory,Alice Springs
B-25889,03-12-2018,Grace Hall,Northern Territory,Darwin
B-25871,21-11-2018,Mia Harris,New South Wales,Newcastle
B-25637,26-04-2018,Lucas White,Australian Capital Territory,Canberra
B-25616,15-04-2018,Noah Martin,Tasmania,Devonport
B-25972,23-01-2018,Ethan Allen,Australian Capital Territory,Canberra
B-25805,05-10-2018,Jack Wilson,South Australia,Adelaide
B-25860,15-11-2018,Ella Scott,Queensland,Brisbane
B-26080,22-03-2018,Ella Scott,Tasmania,Hobart
B-25807,07-10-2018,Lily King,Victoria,Ballarat
B-25734,29-07-2018,Oliver Smith,Western Australia,Fremantle
B-25880,24-11-2018,Ella Scott,Australian Capital Territory,Canberra
B-25934,04-01-2018,Sophia Lee,Tasmania,Launceston
B-25913,17-12-2018,Ethan Allen,Australian Capital Territory,Canberra
B-25912,16-12-2018,William Jones,New South Wales,Wollongong
B-25824,20-10-2018,Isla Johnson,Tasmania,Devonport
B-25711,06-07-2018,Isla Johnson,New South Wales,Wollongong
B-25864,15-11-2018,James Wright,Tasmania,Launceston
B-25917,21-12-2018,Oliver Smith,Western Australia,Perth
B-26049,05-03-2018,William Jones,Queensland,Cairns
B-25920,24-12-2018,William Jones,New South Wales,Newcastle
B-25699,24-06-2018,Oliver Smith,South Australia,Whyalla
B-25735,30-07-2018,Grace Hall,Queensland,Brisbane
B-25701,26-06-2018,Henry Walker,South Australia,Adelaide
B-26092,27-03-2018,Grace Hall,Western Australia,Perth
B-26082,23-03-2018,Grace Hall,Tasmania,Devonport
B-25818,14-10-2018,Mia Harris,New South Wales,Wollongong
B-25846,03-11-2018,Ethan Allen,Queensland,Brisbane
B-26011,12-02-2018,Isla Johnson,Western Australia,Bunbury
B-25631,24-04-2018,Ella Scott,Western Australia,Perth
B-25606,06-04-2018,William Jones,New South Wales,Sydney
B-25746,10-08-2018,Isla Johnson,New South Wales,Wollongong
B-26005,08-02-2018,Charlotte Brown,Western Australia,Perth
B-25844,03-11-2018,Henry Walker,Tasmania,Launceston
B-25869,19-11-2018,William Jones,Victoria,Geelong
B-26066,16-03-2018,Noah Martin,New South Wales,Wollongong
B-25865,15-11-2018,Lily King,Australian Capital Territory,Canberra
B-26039,25-02-2018,Mia Harris,Northern Territory,Darwin
B-25916,20-12-2018,James Wright,Victoria,Geelong
B-26090,27-03-2018,Isla Johnson,Victoria,Geelong
B-25988,31-01-2018,Jack Wilson,Queensland,Gold Coast
B-25906,11-12-2018,Lily King,Western Australia,Fremantle
B-26017,14-02-2018,Ethan Allen,Western Australia,Bunbury
B-25644,30-04-2018,Lily King,South Australia,Whyalla
B-25679,04-06-2018,Henry Walker,South Australia,Adelaide
B-25723,18-07-2018,James Wright,New South Wales,Wollongong
B-25605,05-04-2018,Oliver Smith,South Australia,Whyalla
B-25792,24-09-2018,Amelia Taylor,Western Australia,Bunbury
B-25680,04-06-2018,Oliver Smith,Queensland,Gold Coast
B-25931,04-01-2018,Sophia Lee,Northern Territory,Katherine
B-25932,04-01-2018,William Jones,Australian Capital Territory,Canberra
B-25990,02-02-2018,William Jones,Northern Territory,Darwin
B-25615,15-04-2018,Ethan Allen,Western Australia,Perth
B-26031,22-02-2018,Sophia Lee,Western Australia,Fremantle
B-25801,01-10-2018,Grace Hall,Western Australia,Fremantle
B-25833,29-10-2018,Lucas White,Northern Territory,Darwin
B-26077,22-03-2018,Sophia Lee,Victoria,Melbourne
B-25936,05-01-2018,Oliver Smith,Queensland,Gold Coast
B-25938,05-01-2018,Mia Harris,Victoria,Ballarat
B-25716,11-07-2018,Ethan Allen,South Australia,Whyalla
B-25740,03-08-2018,Jack Wilson,South Australia,Adelaide
B-25763,27-08-2018,William Jones,Victoria,Geelong
B-25872,22-11-2018,Lucas White,Northern Territory,Darwin
B-25879,24-11-2018,James Wright,Tasmania,Launceston
B-25926,30-12-2018,Noah Martin,Victoria,Melbourne
B-26074,21-03-2018,Grace Hall,Australian Capital Territory,Canberra
B-25627,23-04-2018,Ella Scott,New South Wales,Newcastle
B-25940,06-01-2018,Henry Walker,Tasmania,Launceston
B-26047,04-03-2018,Lily King,Northern Territory,Darwin
B-26069,17-03-2018,Lily King,South Australia,Whyalla
B-26027,20-02-2018,Mia Harris,South Australia,Mount Gambier
B-25963,19-01-2018,Ella Scott,Western Australia,Fremantle
B-25922,26-12-2018,Lily King,South Australia,Mount Gambier
B-25866,16-11-2018,Grace Hall,Queensland,Gold Coast
B-25607,06-04-2018,Oliver Smith,Victoria,Melbourne
B-25775,08-09-2018,Ethan Allen,Victoria,Ballarat
B-25998,04-02-2018,Lily King,Western Australia,Fremantle
B-26062,15-03-2018,Lucas White,Western Australia,Bunbury
B-25722,17-07-2018,Lily King,Australian Capital Territory,Canberra
B-25776,09-09-2018,Mia Harris,Victoria,Geelong
B-26032,22-02-2018,Ella Scott,Victoria,Melbourne
B-25705,30-06-2018,Mia Harris,Western Australia,Perth
B-25628,24-04-2018,Lucas White,Australian Capital Territory,Canberra
B-25733,28-07-2018,Lily King,South Australia,Mount Gambier
B-25647,03-05-2018,Isla Johnson,Australian Capital Territory,Canberra
B-25790,23-09-2018,Noah Martin,New South Wales,Wollongong
B-25709,01-07-2018,Grace Hall,Northern Territory,Darwin
B-25911,15-12-2018,James Wright,Queensland,Cairns
B-25774,07-09-2018,James Wright,Victoria,Ballarat
B-26042,28-02-2018,Sophia Lee,Western Australia,Bunbury
B-25815,10-10-2018,Lucas White,Western Australia,Bunbury
B-25822,18-10-2018,Sophia Lee,Australian Capital Territory,Canberra
B-26075,21-03-2018,Ethan Allen,Tasmania,Hobart
B-25783,15-09-2018,Oliver Smith,Tasmania,Launceston
B-26046,04-03-2018,Henry Walker,Australian Capital Territory,Canberra
B-25690,15-06-2018,Charlotte Brown,Tasmania,Hobart
B-25706,01-07-2018,Sophia Lee,Northern Territory,Darwin
B-25736,31-07-2018,Sophia Lee,Tasmania,Hobart
B-25720,15-07-2018,Noah Martin,South Australia,Whyalla
B-25907,11-12-2018,Henry Walker,South Australia,Mount Gambier
B-25719,12-07-2018,Mia Harris,Tasmania,Launceston
B-26013,13-02-2018,Oliver Smith,Australian Capital Territory,Canberra
B-26044,02-03-2018,Ella Scott,Victoria,Ballarat
B-25649,05-05-2018,Lily King,Western Australia,Fremantle
B-25658,14-05-2018,Jack Wilson,Tasmania,Hobart
B-25672,28-05-2018,Lily King,Tasmania,Hobart
B-25624,22-04-2018,Mia Harris,Australian Capital Territory,Canberra
B-25884,28-11-2018,Oliver Smith,New South Wales,Newcastle
B-25641,27-04-2018,Mia Harris,Victoria,Geelong
B-25841,01-11-2018,Lily King,Northern Territory,Alice Springs
B-25980,27-01-2018,Charlotte Brown,Western Australia,Perth
B-26012,13-02-2018,Amelia Taylor,Victoria,Geelong
B-26029,20-02-2018,Sophia Lee,Australian Capital Territory,Canberra
B-26071,19-03-2018,Ethan Allen,Australian Capital Territory,Canberra
B-25646,01-05-2018,Noah Martin,Queensland,Cairns
B-25677,02-06-2018,Ethan Allen,South Australia,Mount Gambier
B-25759,23-08-2018,Mia Harris,Tasmania,Devonport
B-26059,12-03-2018,William Jones,South Australia,Mount Gambier
B-25632,25-04-2018,Ella Scott,New South Wales,Wollongong
B-26079,22-03-2018,Noah Martin,Victoria,Ballarat
B-25674,28-05-2018,Grace Hall,South Australia,Adelaide
B-25965,21-01-2018,Henry Walker,Tasmania,Launceston
B-25732,27-07-2018,Mia Harris,South Australia,Adelaide
B-25834,29-10-2018,Grace Hall,New South Wales,Sydney
B-25784,15-09-2018,Mia Harris,Queensland,Cairns
B-25982,29-01-2018,Lucas White,Australian Capital Territory,Canberra
B-25788,21-09-2018,Sophia Lee,Victoria,Ballarat
B-25742,03-08-2018,Isla Johnson,Tasmania,Devonport
B-26088,26-03-2018,Amelia Taylor,Tasmania,Hobart
B-25707,01-07-2018,Lucas White,Tasmania,Devonport
B-25758,22-08-2018,Ella Scott,Northern Territory,Katherine
B-26095,28-03-2018,Lily King,South Australia,Mount Gambier
